{"h78x9enetCnPufM7y6Rtpw==":"mbr-80x80.png","CG8FMzt/P0h5d2uXxsrpXA==":"2020-10-2-480x270.jpeg","Il0hyGbPLrHeaLZIOGhvaQ==":"mbr-1920x1280.jpeg","Ad66u4UrcwcN8zZ+ETPKwA==":"mbr-1-1920x1280.jpeg","UDDSbD42ThcHR3vOgk0/vQ==":"fouteen-5-fitness-shop-richmond-town-bangalore-fitness-equipment-dealers-0l8zlkj5yp-696x928.jpg","sd8k4JGhsDUgmvPG8ck+FQ==":"fouteen-5-fitness-shop-richmond-town-bangalore-fitness-equipment-dealers-06vfpeceix-696x928.jpg","lSOoX780b4sRe3aQ8iw9og==":"fouteen-5-fitness-shop-richmond-town-bangalore-fitness-equipment-dealers-cxxoxaeawk-696x928.jpg","Ca194Ya2hsZ+oq/pmsjo8Q==":"fouteen-5-fitness-shop-richmond-town-bangalore-fitness-equipment-dealers-oy89eawvbc-696x928.jpg","qL55DBL8JtBRuSTL+8n5Uw==":"fouteen-5-fitness-shop-richmond-town-bangalore-fitness-equipment-dealers-wy8111f7zq-696x928.jpg","KfDEBnEDnJxJ4sEZWSeing==":"fouteen-5-fitness-shop-richmond-town-bangalore-fitness-equipment-dealers-rb85r5p7ar-522x522.jpg","riBP038P2RB3LCG3sWZW8A==":"mbr-1920x981.jpg","pjrgSaGw03ZmhlqqkU5hkA==":"mbr-1920x1358.png","ru6h9EhoromiVv182cVOOw==":"fouteen-5-fitness-shop-richmond-town-bangalore-fitness-equipment-dealers-0l8zlkj5yp-522x522.jpg","HBZw/yssMcg53e1G72WShw==":"fouteen-5-fitness-shop-richmond-town-bangalore-fitness-equipment-dealers-06vfpeceix-522x522.jpg","5uqNXDc15ghMWTtcBPaQAQ==":"fouteen-5-fitness-shop-richmond-town-bangalore-fitness-equipment-dealers-cxxoxaeawk-522x522.jpg","QCyWM0GSgK6FiIuHu5rIrw==":"fouteen-5-fitness-shop-richmond-town-bangalore-fitness-equipment-dealers-oy89eawvbc-522x522.jpg","iRe1fQTeXk1GaDXJRmAurA==":"fouteen-5-fitness-shop-richmond-town-bangalore-fitness-equipment-dealers-wy8111f7zq-522x522.jpg","gBHgjmyN7Mxuc/FEPdzQSQ==":"mbr-696x348.png","8xjxkJgOiUK0iEzU3vaQ1A==":"2020-11-4-537x402.jpg","pejqzvGYUdYHFxJhfVl36g==":"2020-11-04%20(1)-600x450.jpg"}